{"0":{"AmericanGreetings":0.0,"Hallmark":0.025974026,"Lovepop":0.0},"1":{"AmericanGreetings":0.0255474453,"Hallmark":0.0746753247,"Lovepop":0.0},"10":{"AmericanGreetings":0.0109489051,"Hallmark":0.066017316,"Lovepop":0.0135135135},"11":{"AmericanGreetings":0.0255474453,"Hallmark":0.0443722944,"Lovepop":0.0},"12":{"AmericanGreetings":0.0109489051,"Hallmark":0.0151515152,"Lovepop":0.2027027027},"13":{"AmericanGreetings":0.0109489051,"Hallmark":0.0324675325,"Lovepop":0.1216216216},"14":{"AmericanGreetings":0.0,"Hallmark":0.0010822511,"Lovepop":0.0990990991},"15":{"AmericanGreetings":0.1642335766,"Hallmark":0.0541125541,"Lovepop":0.0},"16":{"AmericanGreetings":0.0255474453,"Hallmark":0.0746753247,"Lovepop":0.0135135135},"17":{"AmericanGreetings":0.0693430657,"Hallmark":0.079004329,"Lovepop":0.027027027},"18":{"AmericanGreetings":0.0,"Hallmark":0.0032467532,"Lovepop":0.0},"19":{"AmericanGreetings":0.0,"Hallmark":0.0,"Lovepop":0.0315315315},"2":{"AmericanGreetings":0.0547445255,"Hallmark":0.0443722944,"Lovepop":0.0045045045},"3":{"AmericanGreetings":0.2335766423,"Hallmark":0.1082251082,"Lovepop":0.018018018},"4":{"AmericanGreetings":0.0218978102,"Hallmark":0.0616883117,"Lovepop":0.009009009},"5":{"AmericanGreetings":0.0437956204,"Hallmark":0.091991342,"Lovepop":0.0},"6":{"AmericanGreetings":0.0072992701,"Hallmark":0.0303030303,"Lovepop":0.3063063063},"7":{"AmericanGreetings":0.003649635,"Hallmark":0.0248917749,"Lovepop":0.018018018},"8":{"AmericanGreetings":0.2700729927,"Hallmark":0.130952381,"Lovepop":0.0225225225},"9":{"AmericanGreetings":0.0218978102,"Hallmark":0.0367965368,"Lovepop":0.1126126126}}